"来源","区块/页面","key","中文","English","备注"
"i18n","common","common.tutorial","玩法教學","How to Play",""
"i18n","common","common.footer.prefix","© 2026 香港理工大學 ","© 2026 ",""
"i18n","common","common.footer.link","應用社會科學系（APSS）","Department of Applied Social Sciences (APSS), The Hong Kong Polytechnic University",""
"i18n","common","common.footer.suffix"," · 本網站僅供教學與研究用途"," · For educational and research use only",""
"i18n","home","home.eyebrow","Personalities Mahjong","Personalities Mahjong",""
"i18n","home","home.title","人格麻將","Personalities Mahjong",""
"i18n","home","home.intro","把人格測評、心理線索判斷與卡牌對戰編織在一起。先讀懂自己，再在牌桌上讀懂別人。","Personality assessment, psychological deduction, and card battles woven together. Read yourself first, then read others at the table.",""
"i18n","home","home.features[0].glyph","✦","✦",""
"i18n","home","home.features[0].title","自我評估","Self-Assessment",""
"i18n","home","home.features[0].note","先完成測評，得到你自己的五維傾向","Take the test first to reveal your five-factor tendencies",""
"i18n","home","home.features[1].glyph","◈","◈",""
"i18n","home","home.features[1].title","抽牌歸檔","Draw & Archive",""
"i18n","home","home.features[1].note","湊齊同一人格維度的手牌，公開歸檔","Collect cards of one personality dimension and archive them openly",""
"i18n","home","home.features[2].glyph","☽","☽",""
"i18n","home","home.features[2].title","識人破局","Read the Player",""
"i18n","home","home.features[2].note","對手的每張棄牌，都暴露了他的人格","Every card an opponent discards exposes their personality",""
"i18n","home","home.features[3].glyph","◐","◐",""
"i18n","home","home.features[3].title","單機 / 聯機雙模式","Solo / Online Modes",""
"i18n","home","home.features[3].note","一人對 AI 練手，也能與真人同桌博弈","Practice against AI, or duel real players at the same table",""
"i18n","home","home.cardEyebrow","人格牌陣","PERSONA SPREAD",""
"i18n","home","home.cardArcana","ARCANA OF SELF","ARCANA OF SELF",""
"i18n","home","home.cardTitle","人格鏡像","Mirror of Self",""
"i18n","home","home.cardBody","你的五維得分會轉化成不同維度的收集目標。每一張牌，既是自我描述，也是對手留下的線索。","Your five-factor scores become collection goals across dimensions. Every card is both a self-description and a clue you leave behind.",""
"i18n","home","home.pvp","聯機對戰","Play Online",""
"i18n","home","home.single","單機對戰","Play Solo",""
"i18n","home","home.needAssess","需先測評","assess first",""
"i18n","home","home.startAssess","開始測評","Start Assessment",""
"i18n","home","home.continueAssess","繼續測評","Continue",""
"i18n","home","home.reassess","重新測評","Retake Assessment",""
"i18n","home","home.report","查看人格報告","View Personality Report",""
"i18n","assessment","assessment.eyebrow","Persona Reading","Persona Reading",""
"i18n","assessment","assessment.title","抽取你的人格原型","Draw Your Persona Archetype",""
"i18n","assessment","assessment.intro","每一道陳述題都像翻開一張隱喻牌面。你給出的傾向，會在結尾匯聚成五維人格圖譜，並影響後續牌局目標。","Each statement is like turning over a metaphorical card. Your tendencies converge into a five-factor portrait that shapes your goals at the table.",""
"i18n","assessment","assessment.gateTitle","輸入學號","Enter Student ID",""
"i18n","assessment","assessment.gateHint","學號用於記錄你的測評結果，方便課堂統計。請使用同一台設備、同一個瀏覽器，不要清除緩存。","Your student ID records your assessment result for class statistics. Use the same device and browser, and do not clear your cache.",""
"i18n","assessment","assessment.gatePlaceholder","例如 17094905G","e.g. 17094905G",""
"i18n","assessment","assessment.idLenHint","學號需為 9 位（如 17094905G，大小寫不限）","Student ID must be 9 characters (e.g. 17094905G, case-insensitive)",""
"i18n","assessment","assessment.gateStart","開始測評","Start Assessment",""
"i18n","assessment","assessment.gateChecking","檢查中…","Checking…",""
"i18n","assessment","assessment.dupWarn","此學號已完成過測評，請確認是否填錯。若確定是你本人、要繼續使用，請再按一次。","This student ID has already completed the assessment. Please double-check. If it is really you and you want to continue, press once more.",""
"i18n","assessment","assessment.dupConfirm","確認重複，仍然開始","Use it anyway",""
"i18n","assessment","assessment.backHome","回到主頁","Back to Home",""
"i18n","assessment","assessment.studentLabel","學號","Student ID",""
"i18n","assessment","assessment.changeStudent","更換","Change",""
"i18n","assessment","assessment.loading","加載中…","Loading…",""
"i18n","assessment","assessment.skipToManual","跳過測評，手動輸入分數","Skip the test, enter scores manually",""
"i18n","assessment","assessment.backToAssess","返回測評","Back to test",""
"i18n","assessment","assessment.manualTitle","手動錄入人格刻度","Manually Enter Personality Scores",""
"i18n","assessment","assessment.manualConfirm","確認分數，進入遊戲","Confirm Scores, Enter Game",""
"i18n","assessment","assessment.prev","上一題","Previous",""
"i18n","assessment","assessment.next","下一題","Next",""
"i18n","assessment","assessment.navTitle","題目導航","Question Map",""
"i18n","assessment","assessment.answeredSuffix","已作答","answered","⚠ 片段：运行时与数字/其它词拼接成整句，勿单独翻译"
"i18n","assessment","assessment.legendAnswered","已答","Answered",""
"i18n","assessment","assessment.legendUnanswered","未答","Unanswered",""
"i18n","assessment","assessment.legendCurrent","當前","Current",""
"i18n","assessment","assessment.arcanaPrompt","Arcana Prompt","Arcana Prompt",""
"i18n","assessment","assessment.likert[0]","非常不貼切","Very Inaccurate",""
"i18n","assessment","assessment.likert[1]","有些不貼切","Moderately Inaccurate",""
"i18n","assessment","assessment.likert[2]","普通","Neither Accurate Nor Inaccurate",""
"i18n","assessment","assessment.likert[3]","有些貼切","Moderately Accurate",""
"i18n","assessment","assessment.likert[4]","非常貼切","Very Accurate",""
"i18n","assessment","assessment.progressPrefix","當前正在抽取 ","Currently drawing clues for the ","⚠ 片段：运行时与数字/其它词拼接成整句，勿单独翻译"
"i18n","assessment","assessment.progressSuffix"," 維度的人格線索。"," dimension.","⚠ 片段：运行时与数字/其它词拼接成整句，勿单独翻译"
"i18n","game","game.hostOfflineNoResume","房主似乎不在線，無法恢復遊戲","The host appears offline — the game cannot be resumed",""
"i18n","game","game.leaveRoomReturnLobby","離開此房間並返回大廳","Leave this room and return to lobby",""
"i18n","game","game.justReturnLobby","僅返回大廳","Just return to lobby",""
"i18n","game","game.waitingToStart","等待遊戲開始…","Waiting for the game to start…",""
"i18n","game","game.returnLobby","返回大廳","Return to lobby",""
"i18n","game","game.leaveGame","← 退出對局","← Leave",""
"i18n","game","game.roomTitlePrefix","人格麻將 · 聯機房","Personalities Mahjong · Room","拼接「人格麻將 · 聯機房 {房間碼}」前缀"
"i18n","game","game.exitConfirmTitle","確認退出本局？","Leave this game?",""
"i18n","game","game.exitConfirmBody1","退出後本局進度將丟失，且無法恢復。","Your progress this game will be lost and cannot be recovered.",""
"i18n","game","game.exitConfirmBody2","桌上其他玩家會繼續對局，少一人繼續打到分出勝負。","The other players keep playing, one short, until someone wins.",""
"i18n","game","game.exitConfirmBody3","若只剩 1 人，對局立即結束、剩下的玩家獲勝。","If only 1 player remains, the game ends immediately and they win.",""
"i18n","game","game.cancel","取消","Cancel",""
"i18n","game","game.confirmExit","確認退出","Leave Game",""
"i18n","game","game.hostOfflinePaused","⚠ 房主短暫離線 — 操作已暫停，3 分鐘內未回則房間解散","⚠ Host briefly offline — actions paused; room dissolves if they don’t return within 3 min",""
"i18n","game","game.idleYourTurn","⏰ 請注意：現在是你的回合","⏰ Heads up: it’s your turn",""
"i18n","game","game.stolenToast","⚡ 本輪已被搶 — 別人先碰到了","⚡ Claimed first — someone ponged before you",""
"i18n","game","game.youWin","你贏了！","You win!",""
"i18n","game","game.opponent","對手","Opponent",""
"i18n","game","game.winSuffix","贏了","wins","拼接「{玩家名} 贏了」(EN: {name} wins) 的后缀"
"i18n","game","game.declaredSuffix","組","sets","同上行的「組」(sets)，紧跟数字：申報 N [組]"
"i18n","game","game.remainingPrefix","剩餘","left","同上行的「剩餘」(left)：· 剩餘 M 張"
"i18n","game","game.cardsUnit","張","cards","牌张数量单位「張」(cards)，紧跟数字，多处复用：剩餘 5 [張] / 目標 4 [張]"
"i18n","game","game.declaredPrefix","申報","Declared","拼接计分行「申報 N 組 · 剩餘 M 張」(EN: Declared N sets · left M cards)。例：申報 3 組 · 剩餘 5 張"
"i18n","game","game.playAgain","再來一局","Play Again",""
"i18n","game","game.backHome","返回首頁","Back to Home",""
"i18n","game","game.penaltyLockoutFull","你被罰停一回合 — 下次輪到你時自動跳過，期間無法參與碰/食胡","Penalized one turn — your next turn is auto-skipped; you cannot pong/win during it",""
"i18n","game","game.penaltyLockoutShort","罰停一回合 · 輪到你時跳過 · 不可碰/胡","Penalized 1 turn · skipped · no pong/win",""
"i18n","game","game.thawFull","解凍輪 — 正常出牌一次即可解除罰停（期間仍不可碰/胡）","Thaw turn — discard once normally to clear the penalty (still no pong/win)",""
"i18n","game","game.thawShort","解凍輪 · 出牌一次解除","Thaw turn · discard once to clear",""
"i18n","game","game.done","完成","Done",""
"i18n","game","game.roundUnit","輪","Round","移动端回合显示「第 N/M 輪」(EN: Round N/M)，roundUnit=輪/Round"
"i18n","game","game.yourTurnShort","輪到你","Your turn",""
"i18n","game","game.turnSuffix","中","","拼接「{玩家名} 的回合中」的后缀（EN 为空）"
"i18n","game","game.archiveCount","歸檔","Archive",""
"i18n","game","game.persona","人格","Traits",""
"i18n","game","game.archive","歸檔","Archive",""
"i18n","game","game.log","記錄","Log",""
"i18n","game","game.discardedACard","棄了一張牌 — 選擇行動","discarded a card — choose an action",""
"i18n","game","game.firstComeFirst","先點先得","First click wins",""
"i18n","game","game.discardedCardLabel","被棄的牌","Discarded card",""
"i18n","game","game.claimHint1","選出與棄牌同一人格的手牌後點「碰」","Pick hand cards of the same trait as the discard, then tap Pong",""
"i18n","game","game.claimHint2","總張數要達到該維度要求","Total count must meet that dimension’s target",""
"i18n","game","game.claimHint3","混入其他人格牌會受罰","Mixing in other traits is penalized",""
"i18n","game","game.submittedWaiting","已提交，等待結算…","Submitted, awaiting resolution…",""
"i18n","game","game.pass","過","Pass",""
"i18n","game","game.pong","碰！","Pong!",""
"i18n","game","game.pongNeedSelect","請先點擊手牌選擇同維度卡再碰","Tap hand cards of the same dimension first, then pong",""
"i18n","game","game.selectFirst","請先選牌","select cards first",""
"i18n","game","game.win","食胡","Win",""
"i18n","game","game.clickToDraw","點擊牌堆抽一張牌","Tap the draw pile to draw a card",""
"i18n","game","game.pongDoneDiscard","碰牌成功 — 請直接出一張手牌","Pong successful — discard a card now",""
"i18n","game","game.viewTwoCards","查看 2 張牌","View 2 cards",""
"i18n","game","game.viewCardsTitle","本回合可查看 2 張自己的手牌的人格","This turn you may reveal the traits of 2 of your own cards",""
"i18n","game","game.viewUsed","本回合查看已用","View used this turn",""
"i18n","game","game.selfPong","自摸碰","Self-Pong",""
"i18n","game","game.selfPongFrozen","罰停中，本輪無法自摸碰","Penalized — cannot self-pong this turn",""
"i18n","game","game.selfPongUsed","本回合自摸碰已用，下回合再來","Self-pong used this turn, try next turn",""
"i18n","game","game.selfPongHint","自摸碰 · 你自己判斷維度和張數","Self-pong · you decide the dimension and count",""
"i18n","game","game.pongIntentSelf","🎯 自摸碰","🎯 Self-Pong",""
"i18n","game","game.pongIntentOther","🎯 碰對方棄牌","🎯 Pong Discard",""
"i18n","game","game.pongSelectPrompt","請精確選擇","Select exactly",""
"i18n","game","game.pongSelectSelfSuffix","同維度牌（含剛抽到的）","cards of this dimension (incl. the one just drawn)","⚠ 片段：运行时与数字/其它词拼接成整句，勿单独翻译"
"i18n","game","game.pongSelectOtherPrefixA","同維度手牌（連同棄牌共湊 ","hand cards of this dimension (with the discard, totaling ",""
"i18n","game","game.pongSelectOtherPrefixB"," 張）",")",""
"i18n","game","game.selectedPrefix","已選","selected","拼接「已選 N」(EN: selected N)，紧跟已选数量"
"i18n","game","game.declaredWarn","⚠️ 已歸檔維度 · 提交將判失敗 + 罰停","⚠️ Already-archived dimension · submitting fails + penalty",""
"i18n","game","game.selfArchive","自摸歸檔","Self-Archive",""
"i18n","game","game.archiveJudge","歸檔判定","Archive",""
"i18n","game","game.viewPickPrompt","選 2 張你想要查看的手牌","Pick 2 hand cards you want to view",""
"i18n","game","game.view","查看","View",""
"i18n","game","game.roundWord","輪","Round","桌面端回合显示「第 N / M 輪」(EN: Round N / M)，roundWord=輪/Round"
"i18n","game","game.turnOf","的回合","’s turn",""
"i18n","game","game.yourTurnNow","輪到你了","Your turn",""
"i18n","game","game.sheetPersonaTitle","人格刻度","Personality Scale",""
"i18n","game","game.sheetDeclaredTitle","已歸檔人格","Archived Traits",""
"i18n","game","game.sheetLogTitle","行動記錄","Action Log",""
"i18n","game","game.noArchiveYet","暫時還沒有完成歸檔的維度。","No dimensions archived yet.",""
"i18n","game","game.scoreLabel","分數","Score",""
"i18n","game","game.doneLabel","已完成","Done",""
"i18n","game","game.targetPrefix","目標","Target","拼接「目標 N 張」(EN: Target N cards)，与 cardsUnit 连用"
"i18n","game","game.thinking","思考中","thinking",""
"i18n","game","game.archivePublic","檔案公開","file open",""
"i18n","game","game.leftGame","已退出","left",""
"i18n","game","game.offline","離線中","Offline",""
"i18n","game","game.offlineFull","離線中（3 分鐘內未回則離場）","Offline",""
"i18n","game","game.leftGameBadge","已退出對局","Left the game",""
"i18n","game","game.penaltyBadge","罰停中","Penalized",""
"i18n","game","game.revealedFullTitle","公開檔案 · 全手牌","Open File · Full Hand",""
"i18n","game","game.revealedSubsetTitle","判定樣本 · 失敗的碰","Judged Sample · Failed Pong",""
"i18n","game","game.viewPublicFile","查看公開檔案","View open file",""
"i18n","game","game.viewSample","查看判定樣本","View judged sample",""
"i18n","game","game.noCardsToShow","暫無可顯示的牌","No cards to show",""
"i18n","game","game.totalCards","共","total",""
"i18n","game","game.close","關閉","Close",""
"i18n","game","game.archiveOf","的歸檔","’s archive",""
"i18n","game","game.archiveRecord","歸檔記錄","Archive Record",""
"i18n","game","game.noArchiveDone","暫無完成的歸檔","No completed archives",""
"i18n","game","game.cardDetail","卡牌詳情","Card Detail",""
"i18n","game","game.personaDesc","人格描述","Personality description",""
"i18n","game","game.noPublicArchive","暫無公開歸檔","No public archive",""
"i18n","game","game.viewWord","查看","View","⚠ 片段：运行时与数字/其它词拼接成整句，勿单独翻译"
"i18n","game","game.archiveWord","歸檔","Archive","⚠ 片段：运行时与数字/其它词拼接成整句，勿单独翻译"
"i18n","game","game.viewDiscardPile","查看棄牌堆","View discard pile",""
"i18n","game","game.discardPileName","棄牌堆","Discard Pile",""
"i18n","game","game.discardedCount","已棄","Discarded",""
"i18n","game","game.discardPileTitle","棄牌堆 · 共","Discard Pile · ",""
"i18n","game","game.newestOnTop","（最新在上）","(newest on top)",""
"i18n","game","game.noDiscards","暫無棄牌","No discards yet",""
"i18n","game","game.unknownPlayer","未知玩家","Unknown player",""
"i18n","game","game.pickDiscard","先圈定一張要捨棄的線索牌","First pick a clue card to discard",""
"i18n","game","game.confirmDiscardHint","點「提交棄牌」確認（再次點擊該牌可取消選中）","Tap “Discard” to confirm (tap the card again to deselect)",""
"i18n","game","game.submitDiscard","提交棄牌","Discard",""
"i18n","game","game.selectSameDim","選出你認爲屬於同一人格線索的牌","Pick the cards you believe share the same personality clue",""
"i18n","game","game.pickViewHand","選出 2 張你想要查看的手牌","Pick 2 hand cards you want to view",""
"i18n","game","game.newDraw","新抽","NEW",""
"i18n","game","game.ago","前","ago",""
"i18n","game","game.playerWord","玩家","Player","⚠ 片段：运行时与数字/其它词拼接成整句，勿单独翻译"
"i18n","game","game.popPong","碰！+","Pong! +",""
"i18n","game","game.popHu","🏆 食胡！","🏆 Win!",""
"i18n","game","game.popHuFail","💥 食胡失敗","💥 Win failed",""
"i18n","game","game.popPongDupe","💥 重複碰","💥 Duplicate pong",""
"i18n","game","game.popPongFail","💥 碰失敗","💥 Pong failed",""
"i18n","game","game.yourTurnBanner","輪到你了！","Your turn!",""
"i18n","game","game.scoreBoard","計分板","Scoreboard",""
"i18n","game","game.roundOf","輪","Round",""
"i18n","game","game.pongPanelTitle","心理判讀窗口","Psychological Read Window",""
"i18n","game","game.pongClueDiscarded","棄出了這張線索牌","discarded this clue card",""
"i18n","game","game.pongSampleLabel","棄牌樣本","Discard sample",""
"i18n","game","game.pongCanClaim","你可以嘗試據此完成一組人格歸檔。","You may try to complete a personality archive from this.",""
"i18n","game","game.pongTip1","只選你判斷爲同一人格描述的手牌","Pick only the hand cards you judge to share the same personality",""
"i18n","game","game.pongTip2","總張數要達到你的該維度要求","The total count must meet your target for that dimension",""
"i18n","game","game.pongTip3","混入其他人格牌會受罰","Mixing in other traits is penalized",""
"i18n","game","game.pongCannotClaim","你暫時無法用這張牌完成歸檔。","You cannot complete an archive with this card yet.",""
"i18n","game","game.pongSelectedCandidates","張候選牌","candidate cards",""
"i18n","game","game.pongSkip","暫不歸檔","Not now",""
"i18n","game","game.pongSelectFirst","請先點擊手牌選擇同維度卡","Tap hand cards of the same dimension first",""
"i18n","pvpLobby","pvpLobby.loading","加載中…","Loading…",""
"i18n","pvpLobby","pvpLobby.backHome","← 返回首頁","← Back to Home",""
"i18n","pvpLobby","pvpLobby.title","聯機對戰","Play Online",""
"i18n","pvpLobby","pvpLobby.intro","創建房間或輸入房間碼加入，與真實玩家同桌博弈。","Create a room or enter a room code to play with real players.",""
"i18n","pvpLobby","pvpLobby.stillInRoomPrefix","你還在房間 ","You are still in room ","拼接「你還在房間 {房間碼} …」前缀"
"i18n","pvpLobby","pvpLobby.stillInRoomMid"," 中","",""
"i18n","pvpLobby","pvpLobby.roomPlaying","（遊戲進行中）"," (in progress)",""
"i18n","pvpLobby","pvpLobby.roomWaiting","（等待中）"," (waiting)",""
"i18n","pvpLobby","pvpLobby.returnRoom","返回房間","Return to Room",""
"i18n","pvpLobby","pvpLobby.leaveRoom","離開房間","Leave Room",""
"i18n","pvpLobby","pvpLobby.playerInfo","玩家信息","Player Info",""
"i18n","pvpLobby","pvpLobby.studentIdPlaceholder","請輸入學號","Enter your student ID",""
"i18n","pvpLobby","pvpLobby.studentIdConfirmPlaceholder","再次輸入學號確認","Re-enter student ID",""
"i18n","pvpLobby","pvpLobby.idMismatch","兩次輸入的學號不一致","The two student IDs do not match",""
"i18n","pvpLobby","pvpLobby.assessDone","已完成人格測評","Assessment completed",""
"i18n","pvpLobby","pvpLobby.studentLabel","學號","ID",""
"i18n","pvpLobby","pvpLobby.assessUndone","未完成測評 · 將使用隨機人格數據","Not assessed · random personality will be used",""
"i18n","pvpLobby","pvpLobby.fullAssessPrefix","完整測評（","Full Test (","⚠ 片段：运行时与数字/其它词拼接成整句，勿单独翻译"
"i18n","pvpLobby","pvpLobby.fullAssessSuffix"," 題）"," Q)","⚠ 片段：运行时与数字/其它词拼接成整句，勿单独翻译"
"i18n","pvpLobby","pvpLobby.manualInput","手動輸入分數","Enter scores manually",""
"i18n","pvpLobby","pvpLobby.bigFiveRange","Big Five 分數 · 1.0 – 5.0","Big Five · 1.0 – 5.0",""
"i18n","pvpLobby","pvpLobby.confirmScores","確認分數","Confirm Scores",""
"i18n","pvpLobby","pvpLobby.deckHeader","人格牌堆","Personality Deck",""
"i18n","pvpLobby","pvpLobby.comingSoon","即將上線","Coming soon",""
"i18n","pvpLobby","pvpLobby.maxPlayers","最多玩家數","Max Players",""
"i18n","pvpLobby","pvpLobby.playerUnit"," 人","P","⚠ 片段：运行时与数字/其它词拼接成整句，勿单独翻译"
"i18n","pvpLobby","pvpLobby.rounds","遊戲輪數","Rounds",""
"i18n","pvpLobby","pvpLobby.creating","創建中…","Creating…",""
"i18n","pvpLobby","pvpLobby.joining","加入中…","Joining…",""
"i18n","pvpLobby","pvpLobby.code4","4 位房間碼","4-digit Room Code",""
"i18n","pvpLobby","pvpLobby.tabCreate","創建房間","Create Room",""
"i18n","pvpLobby","pvpLobby.tabJoin","加入房間","Join Room",""
"i18n","pvpLobby","pvpLobby.enterStudentId","請輸入學號","Please enter your student ID",""
"i18n","pvpLobby","pvpLobby.idLen","學號需為 9 位（大小寫不限）","Student ID must be 9 characters (case-insensitive)",""
"i18n","pvpLobby","pvpLobby.enter4Code","請輸入 4 位房間碼","Please enter a 4-digit room code",""
"i18n","pvpLobby","pvpLobby.createFailed","創建失敗","Failed to create room",""
"i18n","pvpLobby","pvpLobby.joinFailed","加入失敗","Failed to join room",""
"i18n","pvpLobby","pvpLobby.deckBigFiveSub","五因素人格 · OCEAN","Five-Factor · OCEAN",""
"i18n","pvpLobby","pvpLobby.deckHexacoSub","六因素人格 · 含誠信維度","Six-Factor · with Honesty",""
"i18n","pvpLobby","pvpLobby.deckCpaiName","中國人格 CPAI","Chinese Personality (CPAI)",""
"i18n","pvpLobby","pvpLobby.deckCpaiSub","本土化人格量表","Localized inventory",""
"i18n","pvpLobby","pvpLobby.alreadyInRoomA","學號「","Student ID """,""
"i18n","pvpLobby","pvpLobby.alreadyInRoomB","」已在房間 ",""" is already in room ",""
"i18n","pvpLobby","pvpLobby.alreadyInRoomC"," 中（"," (",""
"i18n","pvpLobby","pvpLobby.alreadyInRoomD","）。請換一個學號或先讓對方退出。","). Use another ID, or have them leave first.",""
"i18n","pvpLobby","pvpLobby.playingWord","遊戲中","playing","⚠ 片段：运行时与数字/其它词拼接成整句，勿单独翻译"
"i18n","pvpLobby","pvpLobby.waitingWord","等待中","waiting","⚠ 片段：运行时与数字/其它词拼接成整句，勿单独翻译"
"i18n","pvpRoom","pvpRoom.roomNotExist","房間不存在","Room not found",""
"i18n","pvpRoom","pvpRoom.loadFailed","加載失敗","Failed to load",""
"i18n","pvpRoom","pvpRoom.loadingRoom","加載房間…","Loading room…",""
"i18n","pvpRoom","pvpRoom.backLobby","返回大廳","Back to Lobby",""
"i18n","pvpRoom","pvpRoom.shareHint","分享給朋友，一起加入這局心理博弈。","Share with friends to join this game of minds together.",""
"i18n","pvpRoom","pvpRoom.playersLabel","玩家","Players",""
"i18n","pvpRoom","pvpRoom.leaveRoom","離開房間","Leave Room",""
"i18n","pvpRoom","pvpRoom.unknownPlayer","未知玩家","Unknown player",""
"i18n","pvpRoom","pvpRoom.host","房主","Host",""
"i18n","pvpRoom","pvpRoom.me","我","Me",""
"i18n","pvpRoom","pvpRoom.assessedTrue","已完成測評 ✓","Assessed ✓",""
"i18n","pvpRoom","pvpRoom.assessedFalse","未完成測評","Not assessed",""
"i18n","pvpRoom","pvpRoom.kick","踢出","Kick",""
"i18n","pvpRoom","pvpRoom.waitingJoin","等待加入…","Waiting to join…",""
"i18n","pvpRoom","pvpRoom.roomSettings","房間設置","Room Settings",""
"i18n","pvpRoom","pvpRoom.maxPlayers","最多玩家數","Max Players",""
"i18n","pvpRoom","pvpRoom.playerUnit"," 人","P","⚠ 片段：运行时与数字/其它词拼接成整句，勿单独翻译"
"i18n","pvpRoom","pvpRoom.rounds","遊戲輪數","Rounds",""
"i18n","pvpRoom","pvpRoom.starting","啓動中…","Starting…",""
"i18n","pvpRoom","pvpRoom.startGame","開始遊戲","Start Game",""
"i18n","pvpRoom","pvpRoom.waitingPlayersPrefix","等待玩家（","Waiting for players (","拼接「等待玩家（N/2）」前缀"
"i18n","pvpRoom","pvpRoom.waitingPlayersSuffix","/2）","/2)","拼接「等待玩家（N/2）」后缀"
"i18n","pvpRoom","pvpRoom.waitingHost","等待房主開始遊戲…","Waiting for the host to start…",""
"i18n","pvpRoom","pvpRoom.dissolveRoom","解散房間","Dissolve Room",""
"i18n","results","results.loading","加載中…","Loading…",""
"i18n","results","results.backHome","回到主頁","Back to Home",""
"i18n","results","results.notAssessed","尚未完成測評","Assessment not completed yet",""
"i18n","results","results.startAssess","開始測評","Start Assessment",""
"i18n","results","results.title","你的人格畫像","Your Personality Portrait",""
"i18n","results","results.intro","這張人格圖譜既是你的心理輪廓，也是後續牌局中需要完成的維度目標。","This profile is both your psychological portrait and the dimension goals you will aim to complete in the game.",""
"i18n","results","results.readHint","解讀提示","How to read it",""
"i18n","results","results.readBody","分數越高，意味着你在對應維度中越容易積累目標張數；分數越低，則該維度更剋制，也更需要謹慎判斷。","Higher scores mean you accumulate target cards more easily in that dimension; lower scores mean it is more restrained and needs more careful judgement.",""
"i18n","results","results.pvp","聯機對戰","Play Online",""
"i18n","results","results.single","單機對戰","Play Solo",""
"i18n","results","results.reassess","重新測評","Retake Assessment",""
"i18n","cards","card.1","我是派對中的靈魂人物。","Am the life of the party.",""
"i18n","cards","card.2","我覺得自己很少關心別人。","Feel little concern for others.",""
"i18n","cards","card.3","我隨時做好準備。","Am always prepared.",""
"i18n","cards","card.4","我容易感到壓力過大。","Get stressed out easily.",""
"i18n","cards","card.5","我詞彙豐富。","Have a rich vocabulary.",""
"i18n","cards","card.6","我話不多。","Don't talk a lot.",""
"i18n","cards","card.7","我對人感興趣。","Am interested in people.",""
"i18n","cards","card.8","我總是丟三落四。","Leave my belongings around.",""
"i18n","cards","card.9","我大多時候是放鬆的。","Am relaxed most of the time.",""
"i18n","cards","card.10","我對於理解抽象概念有困難。","Have difficulty understanding abstract ideas.",""
"i18n","cards","card.11","我和其他人在一起時感覺自在。","Feel comfortable around people.",""
"i18n","cards","card.12","我會侮辱別人。","Insult people.",""
"i18n","cards","card.13","我經常注意細節。","Pay attention to details.",""
"i18n","cards","card.14","我時常為事擔心。","Worry about things.",""
"i18n","cards","card.15","我有生動的想像力。","Have a vivid imagination.",""
"i18n","cards","card.16","我是個低調的人。","Keep in the background.",""
"i18n","cards","card.17","我會同情他人的感受。","Sympathize with others' feelings.",""
"i18n","cards","card.18","我常把事物弄得一團糟。","Make a mess of things.",""
"i18n","cards","card.19","我很少感到鬱悶。","Seldom feel blue.",""
"i18n","cards","card.20","我對抽象概念不感興趣。","Am not interested in abstract ideas.",""
"i18n","cards","card.21","我總是主動開始談話。","Start conversations.",""
"i18n","cards","card.22","我對別人的問題不感興趣。","Am not interested in other people's problems.",""
"i18n","cards","card.23","我會立即將日常家務做完。","Get chores done right away.",""
"i18n","cards","card.24","我容易受擾亂。","Am easily disturbed.",""
"i18n","cards","card.25","我常有絕佳的點子。","Have excellent ideas.",""
"i18n","cards","card.26","我沒什麼話說。","Have little to say.",""
"i18n","cards","card.27","我有顆柔軟的心。","Have a soft heart.",""
"i18n","cards","card.28","我常忘記物歸原處。","Often forget to put things back in their proper place.",""
"i18n","cards","card.29","我容易感到悶悶不樂。","Get upset easily.",""
"i18n","cards","card.30","我想像力欠佳。","Do not have a good imagination.",""
"i18n","cards","card.31","在聚會中我會跟許多不同的人說話。","Talk to a lot of different people at parties.",""
"i18n","cards","card.32","我對別人沒什麼興趣。","Am not really interested in others.",""
"i18n","cards","card.33","我喜歡井然有序。","Like order.",""
"i18n","cards","card.34","我的心情變化很大。","Change my mood a lot.",""
"i18n","cards","card.35","我可以很快理解事物。","Am quick to understand things.",""
"i18n","cards","card.36","我不喜歡引起別人對自己的注意。","Don't like to draw attention to myself.",""
"i18n","cards","card.37","我總會為別人抽出時間。","Take time out for others.",""
"i18n","cards","card.38","我會推卸責任。","Shirk my duties.",""
"i18n","cards","card.39","我的心情時常起伏不定。","Have frequent mood swings.",""
"i18n","cards","card.40","我常使用艱澀的字彙。","Use difficult words.",""
"i18n","cards","card.41","我不介意成為注目的焦點。","Don't mind being the center of attention.",""
"i18n","cards","card.42","我能感受他人的情緒。","Feel others' emotions.",""
"i18n","cards","card.43","我總是按照預定計畫行事。","Follow a schedule.",""
"i18n","cards","card.44","我容易感到煩躁。","Get irritated easily.",""
"i18n","cards","card.45","我會花時間反思事物。","Spend time reflecting on things.",""
"i18n","cards","card.46","我和陌生人相處時顯得安靜。","Am quiet around strangers.",""
"i18n","cards","card.47","我能使人感到自在。","Make people feel at ease.",""
"i18n","cards","card.48","我對我的工作要求嚴謹。","Am exacting in my work.",""
"i18n","cards","card.49","我常感到鬱悶。","Often feel blue.",""
"i18n","cards","card.50","我總是充滿想法。","Am full of ideas.",""
"i18n","dimension","dimension.O.name","開放性","Openness",""
"i18n","dimension","dimension.O.description","對新體驗、創意和抽象思維的接納程度","","EN 暂缺，待补"
"i18n","dimension","dimension.C.name","盡責性","Conscientiousness",""
"i18n","dimension","dimension.C.description","自律、條理性和目標導向的程度","","EN 暂缺，待补"
"i18n","dimension","dimension.E.name","外向性","Extraversion",""
"i18n","dimension","dimension.E.description","社交活力、積極情緒和外向程度","","EN 暂缺，待补"
"i18n","dimension","dimension.A.name","宜人性","Agreeableness",""
"i18n","dimension","dimension.A.description","合作、信任和體貼他人的傾向","","EN 暂缺，待补"
"i18n","dimension","dimension.N.name","情緒穩定性","Emotional Stability",""
"i18n","dimension","dimension.N.description","情緒平穩、抗壓和不易焦慮的程度","","EN 暂缺，待补"
"未i18n(硬编码)","tutorial","literal.1","進入聯機對戰","",""
"未i18n(硬编码)","tutorial","literal.2","從首頁點「聯機對戰」。這裏不是直接進牌桌，而是先進入聯機大廳。","",""
"未i18n(硬编码)","tutorial","literal.3","填寫身份信息","",""
"未i18n(硬编码)","tutorial","literal.4","只輸入學號，並再次輸入學號確認。學號用於防止同一個人同時佔兩個活動房間的座位。","",""
"未i18n(硬编码)","tutorial","literal.5","檢查是否完成測評","",""
"未i18n(硬编码)","tutorial","literal.6","已測評：系統會用你的五維分數生成本局目標張數。未測評：會先引導去測評，否則你的目標張數沒有依據。","",""
"未i18n(硬编码)","tutorial","literal.7","測評結果會影響每個維度需要歸檔幾張，所以不同玩家的胡牌路線不同。","",""
"未i18n(硬编码)","tutorial","literal.8","創建房間 / 加入房間","",""
"未i18n(硬编码)","tutorial","literal.9","房主創建房間後拿到房間碼並等待其他玩家；非房主輸入房間碼加入。4 個真實玩家坐齊後才適合開始。","",""
"未i18n(硬编码)","tutorial","literal.10","開始遊戲","",""
"未i18n(硬编码)","tutorial","literal.11","房主負責點開始。進入牌桌後，所有人的手牌維度默認不公開，只能靠描述、記憶和每回合查看能力判斷。","",""
"未i18n(硬编码)","tutorial","literal.12","進入單機對戰","",""
"未i18n(硬编码)","tutorial","literal.13","從首頁點「單機對戰」。如果沒有測評結果，會先去測評；如果已經測評，直接進入單機設置大廳。","",""
"未i18n(硬编码)","tutorial","literal.14","選擇 AI 難度","",""
"未i18n(硬编码)","tutorial","literal.15","簡單偏隨機，中等會做基礎歸檔判斷，困難會更積極推測你的牌。","",""
"未i18n(硬编码)","tutorial","literal.16","選擇輪數","",""
"未i18n(硬编码)","tutorial","literal.17","5 / 10 / 15 / 無限都可以。無限會一直打到有人食胡或牌局自然結束。","",""
"未i18n(硬编码)","tutorial","literal.18","確認對手陣容","",""
"未i18n(硬编码)","tutorial","literal.19","單機固定是你 + 3 個 AI。AI 會按自己的策略抽牌、棄牌、碰牌和食胡。","",""
"未i18n(硬编码)","tutorial","literal.20","進入牌桌後流程和聯機一致：抽牌、查看、歸檔、棄牌、響應別人棄牌。","",""
"未i18n(硬编码)","tutorial","literal.21","你的目標","",""
"未i18n(硬编码)","tutorial","literal.22","5 個人格維度（開放性、盡責性、外向性、宜人性、情緒穩定性）全部完成「公開歸檔」，先達成的玩家獲勝。每個維度的目標張數等於你測評出來的分數四捨五入，所以每人的「胡牌路線」都不一樣。","",""
"未i18n(硬编码)","tutorial","literal.23","牌桌","",""
"未i18n(硬编码)","tutorial","literal.24","單機固定 4 人（你 + 3 個 AI）；聯機 2–4 名真實玩家。牌堆會依人數縮放。牌分兩類：帶顏色標記的「人格描述牌」（屬於某一維度），以及無維度歸屬的「檔案註記 / 知識牌」（中立，可棄可觀察對手風格）。","",""
"未i18n(硬编码)","tutorial","literal.25","初始手牌張數 = 5 個維度目標張數之和 − 1。少的那張要靠「碰」或「食胡」補齊。","",""
"未i18n(硬编码)","tutorial","literal.26","抽牌","",""
"未i18n(硬编码)","tutorial","literal.27","輪到你時，先點擊牌堆抽 1 張。如果你願意，可以一次性開啓「查看 2 張牌」的特權 —— 每回合最多 1 次，把任意 2 張未知的手牌真實人格揭開。用完即重置到下次回合。","",""
"未i18n(硬编码)","tutorial","literal.28","出牌","",""
"未i18n(硬编码)","tutorial","literal.29","抽完後選 1 張你不需要的丟到中間的棄牌堆。被棄出的牌進入「心理判讀窗口」，其他 3 名玩家有幾秒鐘決定是否要「碰」（同維度歸檔）或「食胡」（直接勝利）。","",""
"未i18n(硬编码)","tutorial","literal.30","碰（公開歸檔）","",""
"未i18n(硬编码)","tutorial","literal.31","把同維度的牌湊齊目標張數即可歸檔。兩種觸發方式：自摸碰（你自己回合內，每回合最多 1 次）→ 從你的「手牌 + 剛抽到的牌」裏挑選恰好「該維度目標張數」張同維度牌；截胡碰（claim 窗口內先點先得）→ 從手牌挑選「該維度目標張數 − 1」張同維度牌，加上那張棄牌正好湊齊；選錯維度、混入其他人格牌、張數不對 → 視爲「碰失敗」，會被罰停。","",""
"未i18n(硬编码)","tutorial","literal.32","系統不會告訴你「這個維度你夠了」，5 個未歸檔維度全部讓你選，需要自己判斷。","",""
"未i18n(硬编码)","tutorial","literal.33","食胡（宣佈勝利）","",""
"未i18n(硬编码)","tutorial","literal.34","當你的牌（已歸檔 + 手中 + 這張待判定牌）正好完成全部 5 個維度時，按下「食胡」。觸發時機：你的回合中（自摸食胡）；任意人棄牌進入判讀窗口時（截胡食胡）。判定不成立 → 食胡失敗，整副手牌公開並罰停。","",""
"未i18n(硬编码)","tutorial","literal.35","罰停（失敗的懲罰）","",""
"未i18n(硬编码)","tutorial","literal.36","「碰失敗 / 自摸碰失敗 / 食胡失敗」三者懲罰相同：下次輪到你時罰停一回合，自動跳過（不抽牌、不出牌）後立即解除。罰停期間：你押錯的那幾張牌（碰 / 自摸碰）或整副手牌（食胡）立即公開；任何人棄牌進入判讀窗口時，你都不能參與。所有玩家都會在你頭像下看到「⛔ 罰停中」標識。","",""
"未i18n(硬编码)","tutorial","literal.37","一次誤判 ≈ 損失下一個出牌回合，務必想清楚再下手。罰停期間也不能宣告食胡。","",""
"未i18n(硬编码)","tutorial","literal.38","查看 2 張牌（每回合 1 次）","",""
"未i18n(硬编码)","tutorial","literal.39","手牌人格默認不顯示維度，必須靠記憶和推理。但你可以在自己回合開始抽完後，啓用「🔍 查看 2 張牌」一次性把 2 張手牌的真實維度揭開。本回合內有效，下回合自動重置。用得好的玩家會優先看自己最不確定的牌，避免歸檔時混入錯誤。","",""
"未i18n(硬编码)","tutorial","literal.40","知識牌（檔案註記）","",""
"未i18n(硬编码)","tutorial","literal.41","牌堆裏有一類無人格歸屬的「檔案註記 / 知識牌」 —— 內容是心理學常識。它們不能用於歸檔，但也不會穿幫成錯誤維度。用途：抽到就丟，騰出手牌空間；也是觀察對手心理風格的趣味設計。","",""
"未i18n(硬编码)","tutorial","literal.42","聯機 · 退出與輪轉","",""
"未i18n(硬编码)","tutorial","literal.43","聯機房 2–4 人，任何人點「退出對局」即從該桌退出 —— 不接管，剩下的玩家繼續打到分勝負。退出者的座位永久跳過；僅剩 1 人即自動宣告該玩家勝利；你的回合超過 30 秒未操作會彈提醒。","",""
"未i18n(硬编码)","tutorial","literal.44","同學號同時進入兩個活動房間會被拒絕 —— 防止兩個客戶端共享同一座位。","",""
"未i18n(硬编码)","tutorial","literal.45","勝負與結算","",""
"未i18n(硬编码)","tutorial","literal.46","第一個完成全部 5 維度歸檔的玩家直接獲勝。若打滿約定輪數仍無人胡，則按排名結算：先比已歸檔維度數（多者勝），同數再比剩餘手牌（少者勝）。","",""
"未i18n(硬编码)","tutorial","literal.47","我經常感到焦慮或憂慮","",""
"未i18n(硬编码)","tutorial","literal.48","我容易情緒波動","",""
"未i18n(硬编码)","tutorial","literal.49","我容易感到壓力","",""
"未i18n(硬编码)","tutorial","literal.50","我會認真完成我承諾過的事","",""
"未i18n(硬编码)","tutorial","literal.51","我願意體諒別人的感受","",""
"未i18n(硬编码)","tutorial","literal.52","我會主動幫助遇到困難的人","",""
"未i18n(硬编码)","tutorial","literal.53","我對抽象的哲學問題很感興趣","",""
"未i18n(硬编码)","tutorial","literal.54","我做事情之前總會制定計劃","",""
"未i18n(硬编码)","tutorial","literal.55","顏色會影響食慾，藍色會抑制飢餓感","",""
"未i18n(硬编码)","tutorial","literal.56","我對批評比較敏感","",""
"未i18n(硬编码)","tutorial","literal.57","我喜歡探索新奇的點子","",""
"未i18n(硬编码)","tutorial","literal.58","我做事一向井井有條","",""
"未i18n(硬编码)","tutorial","literal.59","我在人群裏很有活力","",""
"未i18n(硬编码)","tutorial","literal.60","我會站在別人的角度想","",""
"未i18n(硬编码)","tutorial","literal.61","抽到一張線索牌。現在選擇很多，先演示「查看 2 張牌」。","",""
"未i18n(硬编码)","tutorial","literal.62","本回合查看了 2 張牌：一張盡責性，一張情緒穩定性。真實牌局裏只會揭開你選的 2 張。","",""
"未i18n(硬编码)","tutorial","literal.63","現在你知道剛抽到的牌能補齊一組。下一步演示自摸碰。","",""
"未i18n(硬编码)","tutorial","literal.64","自摸碰要先選定一個人格維度。提示：手牌裏有 4 張「情緒穩定性」，選它。","",""
"未i18n(硬编码)","tutorial","literal.65","已選擇「${name}」。現在從手牌精確選擇 4 張「${name}」的牌。","","含 {…} 变量占位，翻译时保留占位"
"未i18n(硬编码)","tutorial","literal.66","歸檔成功。4 張進入公開歸檔區，歸檔後必須立即棄 1 張牌。","",""
"未i18n(硬编码)","tutorial","literal.67","選了 ${n} 張，必須正好 4 張","","含 {…} 变量占位，翻译时保留占位"
"未i18n(硬编码)","tutorial","literal.68","選中的牌裏有非「${dimName}」（檔案註記不算任何維度）","","含 {…} 变量占位，翻译时保留占位"
"未i18n(硬编码)","tutorial","literal.69","自摸碰失敗：${reason}。真實遊戲會罰停一回合，並公開你剛剛押錯的牌。","","含 {…} 变量占位，翻译时保留占位"
"未i18n(硬编码)","tutorial","literal.70","試試這次只選 4 張「${name}」（高亮的牌）。","","含 {…} 变量占位，翻译时保留占位"
"未i18n(硬编码)","tutorial","literal.71","出牌完成。現在切到別人棄牌時，你如何響應「碰 / 食胡」。","",""
"未i18n(硬编码)","tutorial","literal.72","對手棄出一張「${name}」線索牌。從手牌選 2 張「${name}」，加這張棄牌湊成一組。","","含 {…} 变量占位，翻译时保留占位"
"未i18n(硬编码)","tutorial","literal.73","截胡碰需要正好 2 張「${name}」手牌（已選 ${n}）。真實遊戲選錯會判失敗並罰停一回合。","","含 {…} 变量占位，翻译时保留占位"
"未i18n(硬编码)","tutorial","literal.74","截胡碰成功。你用手裏 2 張同類牌 + 對手棄牌完成了一組公開歸檔。","",""
"未i18n(硬编码)","tutorial","literal.75","食胡用於宣佈勝利：當 5 個維度全部完成時按下。誤按會公開整副手牌並罰停。","",""
"未i18n(硬编码)","tutorial","literal.76","這是你的開局：手牌裏有多種人格描述和 1 張檔案註記。你需要先抽牌，再決定要查看、歸檔還是棄牌。","",""
"未i18n(硬编码)","tutorial","literal.77","每回合可以查看 2 張手牌的真實維度。點擊「查看 2 張」後，再繼續進入歸檔判斷。","",""
"未i18n(硬编码)","tutorial","literal.78","你現在擁有足夠完成一組的線索。下一步點高亮的「自摸碰」試試。","",""
"未i18n(硬编码)","tutorial","literal.79","自摸碰要先選定一個人格維度。在下方五個維度裏選擇高亮的「情緒穩定性」（手牌裏正好有 4 張）。","",""
"未i18n(硬编码)","tutorial","literal.80","已選 4 張「${chosenName}」。點高亮的「自摸歸檔」完成歸檔。","","含 {…} 变量占位，翻译时保留占位"
"未i18n(硬编码)","tutorial","literal.81","從手牌精確選擇 4 張「${chosenName}」的牌（高亮的牌就是，已選 ${n}/4）。","","含 {…} 变量占位，翻译时保留占位"
"未i18n(硬编码)","tutorial","literal.82","失敗會公開你押錯的牌並罰停一回合。點「繼續」回到選牌模式。","",""
"未i18n(硬编码)","tutorial","literal.83","歸檔成功！現在必須棄 1 張牌結束回合。點下方高亮的手牌中任意一張棄掉。","",""
"未i18n(硬编码)","tutorial","literal.84","別人棄牌後的判讀窗口：從手牌選 2 張高亮的「${dimName}」，加那張棄牌湊一組，再點「碰」（已選 ${n}/2）。","","含 {…} 变量占位，翻译时保留占位"
"未i18n(硬编码)","tutorial","literal.85","現在是別人棄牌後的判讀窗口。你可以截胡碰，也可以在已經滿足全部目標時食胡。","",""
"未i18n(硬编码)","tutorial","literal.86","截胡碰也會形成公開歸檔。這個記錄會出現在玩家頭像下和歸檔記錄裏。","",""
"未i18n(硬编码)","tutorial","literal.87","食胡是勝利按鈕，只在所有目標完成時使用。失敗成本很高，所以不要拿它試錯。","",""
"未i18n(硬编码)","tutorial","literal.88","點擊要棄的牌。","",""
"未i18n(硬编码)","tutorial","literal.89","你的回合結束。下一步模擬別人棄牌後的「碰 / 食胡」窗口。","",""
"未i18n(硬编码)","tutorial","literal.90","（手牌已清空）","",""
"未i18n(硬编码)","tutorial","literal.91","剛抽到","",""
"未i18n(硬编码)","tutorial","literal.92","交互式沙盒","",""
"未i18n(硬编码)","tutorial","literal.93","重置","",""
"未i18n(硬编码)","tutorial","literal.94","退出沙盒","",""
"未i18n(硬编码)","tutorial","literal.95","公開歸檔：","",""
"未i18n(硬编码)","tutorial","literal.96","${name} 4 張","","含 {…} 变量占位，翻译时保留占位"
"未i18n(硬编码)","tutorial","literal.97","（暫無）","",""
"未i18n(硬编码)","tutorial","literal.98","${name} 3 張","","含 {…} 变量占位，翻译时保留占位"
"未i18n(硬编码)","tutorial","literal.99","點擊抽牌 ↓","",""
"未i18n(硬编码)","tutorial","literal.100","牌堆","",""
"未i18n(硬编码)","tutorial","literal.101","食胡","",""
"未i18n(硬编码)","tutorial","literal.102","查看 2 張","",""
"未i18n(硬编码)","tutorial","literal.103","繼續判斷","",""
"未i18n(硬编码)","tutorial","literal.104","自摸碰","",""
"未i18n(硬编码)","tutorial","literal.105","🎯 第一步 · 選擇要歸檔的人格維度","",""
"未i18n(硬编码)","tutorial","literal.106","取消","",""
"未i18n(硬编码)","tutorial","literal.107","🎯 第二步 · 自摸碰 ·","",""
"未i18n(硬编码)","tutorial","literal.108","· 請精確選擇 4 張（已選 ${n}/4）","","含 {…} 变量占位，翻译时保留占位"
"未i18n(硬编码)","tutorial","literal.109","自摸歸檔","",""
"未i18n(硬编码)","tutorial","literal.110","繼續 →","",""
"未i18n(硬编码)","tutorial","literal.111","罰停一回合演示：本輪不能參與別人棄牌的判讀窗口，下次輪到你時自動跳過。","",""
"未i18n(硬编码)","tutorial","literal.112","小明棄出了一張線索牌","",""
"未i18n(硬编码)","tutorial","literal.113","從下方手牌選 2 張「${dimName}」（高亮的牌），加這張棄牌湊成一組。已選 ${n}/2。","","含 {…} 变量占位，翻译时保留占位"
"未i18n(硬编码)","tutorial","literal.114","碰","",""
"未i18n(硬编码)","tutorial","literal.115","繼續看食胡","",""
"未i18n(硬编码)","tutorial","literal.116","食胡只在 5 個維度都完成時按。判定不成立會公開整副手牌並罰停，所以它是確認勝利，不是試探按鈕。","",""
"未i18n(硬编码)","tutorial","literal.117","出 1 張牌結束回合 ↓","",""
"未i18n(硬编码)","tutorial","literal.118","你的手牌","",""
"未i18n(硬编码)","tutorial","literal.119","${n} 張","","含 {…} 变量占位，翻译时保留占位"
"未i18n(硬编码)","tutorial","literal.120","模擬別人棄牌","",""
"未i18n(硬编码)","tutorial","literal.121","再來一遍","",""
"未i18n(硬编码)","tutorial","literal.122","聯機流程截圖示意","",""
"未i18n(硬编码)","tutorial","literal.123","單機流程截圖示意","",""
"未i18n(硬编码)","tutorial","literal.124","人格麻將","",""
"未i18n(硬编码)","tutorial","literal.125","聯機對戰","",""
"未i18n(硬编码)","tutorial","literal.126","單機對戰","",""
"未i18n(硬编码)","tutorial","literal.127","玩家信息","",""
"未i18n(硬编码)","tutorial","literal.128","學號","",""
"未i18n(硬编码)","tutorial","literal.129","請輸入學號","",""
"未i18n(硬编码)","tutorial","literal.130","確認學號","",""
"未i18n(硬编码)","tutorial","literal.131","再次輸入學號確認","",""
"未i18n(硬编码)","tutorial","literal.132","已完成測評","",""
"未i18n(硬编码)","tutorial","literal.133","直接生成本局目標張數。","",""
"未i18n(硬编码)","tutorial","literal.134","未完成測評","",""
"未i18n(硬编码)","tutorial","literal.135","先去答題，再回到大廳。","",""
"未i18n(硬编码)","tutorial","literal.136","創建房間","",""
"未i18n(硬编码)","tutorial","literal.137","房間碼 4821","",""
"未i18n(硬编码)","tutorial","literal.138","加入房間","",""
"未i18n(硬编码)","tutorial","literal.139","輸入 4 位房間碼","",""
"未i18n(硬编码)","tutorial","literal.140","你","",""
"未i18n(硬编码)","tutorial","literal.141","房主","",""
"未i18n(硬编码)","tutorial","literal.142","已就緒","",""
"未i18n(硬编码)","tutorial","literal.143","簡單","",""
"未i18n(硬编码)","tutorial","literal.144","中等","",""
"未i18n(硬编码)","tutorial","literal.145","困難","",""
"未i18n(硬编码)","tutorial","literal.146","5輪","",""
"未i18n(硬编码)","tutorial","literal.147","10輪","",""
"未i18n(硬编码)","tutorial","literal.148","15輪","",""
"未i18n(硬编码)","tutorial","literal.149","無限","",""
"未i18n(硬编码)","tutorial","literal.150","小明","",""
"未i18n(硬编码)","tutorial","literal.151","林教授","",""
"未i18n(硬编码)","tutorial","literal.152","老陳","",""
"未i18n(硬编码)","tutorial","literal.153","AI 對手","",""
"未i18n(硬编码)","tutorial","literal.154","開始對戰","",""
"未i18n(硬编码)","tutorial","literal.155","靜態示意","",""
"未i18n(硬编码)","tutorial","literal.156","開始遊戲流程","",""
"未i18n(硬编码)","tutorial","literal.157","從首頁到開局","",""
"未i18n(硬编码)","tutorial","literal.158","上一步","",""
"未i18n(硬编码)","tutorial","literal.159","下一步","",""
"未i18n(硬编码)","tutorial","literal.160","人格麻將 · 教學","",""
"未i18n(硬编码)","tutorial","literal.161","","Tutorial",""
"未i18n(硬编码)","tutorial","literal.162","規則 Hardcopy","",""
"未i18n(硬编码)","tutorial","literal.163","返回首頁","",""
"未i18n(硬编码)","tutorial","literal.164","先看流程，再進沙盒打一回合","",""
"未i18n(硬编码)","tutorial","literal.165","教學覆蓋：聯機 / 單機開局、答題檢查、房間流程、查看手牌、碰、食胡、失敗懲罰。","",""
"未i18n(硬编码)","tutorial","literal.166","▶ 進入交互沙盒","",""
"未i18n(硬编码)","tutorial","literal.167","規則要點","",""
"未i18n(硬编码)","tutorial","literal.168","直接開始測評","",""
"未i18n(硬编码)","tutorial","literal.169","指引","",""
"未i18n(硬编码)","game(single)","literal.170","加載中…","",""
"未i18n(硬编码)","game(single)","literal.171","食胡！你贏了！","",""
"未i18n(硬编码)","game(single)","literal.172","食胡失敗！手牌公開，罰停一回合","",""
"未i18n(硬编码)","game(single)","literal.173","自摸碰！${維度名} 完成！","","含 {…} 变量占位，翻译时保留占位"
"未i18n(硬编码)","game(single)","literal.174","自摸碰失敗！手牌公開，跳過下輪","",""
"未i18n(硬编码)","game(single)","literal.175","碰！${維度名} 完成！","","含 {…} 变量占位，翻译时保留占位"
"未i18n(硬编码)","game(single)","literal.176","重複碰！該維度已歸檔，手牌公開，跳過下輪","",""
"未i18n(硬编码)","game(single)","literal.177","碰失敗！手牌公開，跳過下輪","",""
"未i18n(硬编码)","game(single)","literal.178","← 退出對局","",""
"未i18n(硬编码)","game(single)","literal.179","確認退出本局？","",""
"未i18n(硬编码)","game(single)","literal.180","退出後本局進度將丟失，且無法恢復。","",""
"未i18n(硬编码)","game(single)","literal.181","確認後將直接結束本局並回到大廳。","",""
"未i18n(硬编码)","game(single)","literal.182","取消","",""
"未i18n(硬编码)","game(single)","literal.183","確認退出","",""
"未i18n(硬编码)","game(single)","literal.184","你被罰停一回合 — 下次輪到你時自動跳過，期間無法參與碰/食胡","",""
"未i18n(硬编码)","game(single)","literal.185","罰停一回合 · 輪到你時跳過 · 不可碰/胡","",""
"未i18n(硬编码)","game(single)","literal.186","解凍輪 — 正常出牌一次即可解除罰停（期間仍不可碰/胡）","",""
"未i18n(硬编码)","game(single)","literal.187","解凍輪 · 出牌一次解除","",""
"未i18n(硬编码)","game(single)","literal.188","完成 ","",""
"未i18n(硬编码)","game(single)","literal.189","第 {round}/{total} 輪","","含 {…} 变量占位，翻译时保留占位"
"未i18n(硬编码)","game(single)","literal.190","已完成 {n}/5","","含 {…} 变量占位，翻译时保留占位"
"未i18n(硬编码)","game(single)","literal.191","人格","",""
"未i18n(硬编码)","game(single)","literal.192","歸檔","",""
"未i18n(硬编码)","game(single)","literal.193","記錄","",""
"未i18n(硬编码)","game(single)","literal.194","食胡","",""
"未i18n(硬编码)","game(single)","literal.195","罰停中，本輪無法自摸碰","",""
"未i18n(硬编码)","game(single)","literal.196","本回合自摸碰已用，下回合再來","",""
"未i18n(硬编码)","game(single)","literal.197","自摸碰 · 你自己判斷維度和張數","",""
"未i18n(硬编码)","game(single)","literal.198","自摸碰","",""
"未i18n(硬编码)","game(single)","literal.199","本回合可查看 2 張自己的手牌的人格","",""
"未i18n(硬编码)","game(single)","literal.200","🔍 查看 2 張牌（1/1）","",""
"未i18n(硬编码)","game(single)","literal.201","本回合查看已用","",""
"未i18n(硬编码)","game(single)","literal.202","{name} 的回合 — 點擊執行","","含 {…} 变量占位，翻译时保留占位"
"未i18n(硬编码)","game(single)","literal.203","🔍 選 2 張你想要查看的手牌（{n}/2）","","含 {…} 变量占位，翻译时保留占位"
"未i18n(硬编码)","game(single)","literal.204","查看","",""
"未i18n(硬编码)","game(single)","literal.205","🎯 自摸碰","",""
"未i18n(硬编码)","game(single)","literal.206","🎯 碰對方棄牌","",""
"未i18n(硬编码)","game(single)","literal.207","請精確選擇","",""
"未i18n(硬编码)","game(single)","literal.208","同維度牌（含剛抽到的）","",""
"未i18n(硬编码)","game(single)","literal.209","同維度手牌（連同棄牌共湊 {target} 張）","","含 {…} 变量占位，翻译时保留占位"
"未i18n(硬编码)","game(single)","literal.210","（已選 {n}）","","含 {…} 变量占位，翻译时保留占位"
"未i18n(硬编码)","game(single)","literal.211","⚠️ 已歸檔維度 · 提交將判失敗 + 罰停","",""
"未i18n(硬编码)","game(single)","literal.212","自摸歸檔","",""
"未i18n(硬编码)","game(single)","literal.213","歸檔判定","",""
"未i18n(硬编码)","game(single)","literal.214","點擊牌堆抽一張牌","",""
"未i18n(硬编码)","game(single)","literal.215","碰牌成功 — 請直接出一張手牌","",""
"未i18n(硬编码)","game(single)","literal.216","人格刻度","",""
"未i18n(硬编码)","game(single)","literal.217","分數 {score} · 已完成","","含 {…} 变量占位，翻译时保留占位"
"未i18n(硬编码)","game(single)","literal.218","目標 {n} 張","","含 {…} 变量占位，翻译时保留占位"
"未i18n(硬编码)","game(single)","literal.219","已歸檔人格","",""
"未i18n(硬编码)","game(single)","literal.220","暫時還沒有完成歸檔的維度。","",""
"未i18n(硬编码)","game(single)","literal.221","行動記錄","",""
"未i18n(硬编码)","lobby","literal.222","請先完成人格測評","",""
"未i18n(硬编码)","lobby","literal.223","完整人格刻度會決定你在牌局中的歸檔目標。","",""
"未i18n(硬编码)","lobby","literal.224","開始測評","",""
"未i18n(硬编码)","lobby","literal.225","← 返回首頁","",""
"未i18n(硬编码)","lobby","literal.226","簡單","",""
"未i18n(硬编码)","lobby","literal.227","憑直覺出牌","",""
"未i18n(硬编码)","lobby","literal.228","中等","",""
"未i18n(硬编码)","lobby","literal.229","會記牌分析","",""
"未i18n(硬编码)","lobby","literal.230","困難","",""
"未i18n(硬编码)","lobby","literal.231","推測你的心理","",""
"未i18n(硬编码)","lobby","literal.232","5 輪","",""
"未i18n(硬编码)","lobby","literal.233","快速","",""
"未i18n(硬编码)","lobby","literal.234","10 輪","",""
"未i18n(硬编码)","lobby","literal.235","標準","",""
"未i18n(硬编码)","lobby","literal.236","15 輪","",""
"未i18n(硬编码)","lobby","literal.237","持久","",""
"未i18n(硬编码)","lobby","literal.238","∞ 無限","",""
"未i18n(硬编码)","lobby","literal.239","直到有人胡","",""
"未i18n(硬编码)","lobby","literal.240","← 返回主頁","",""
"未i18n(硬编码)","lobby","literal.241","對戰大廳","",""
"未i18n(硬编码)","lobby","literal.242","設置遊戲參數，準備進入人格博弈。","",""
"未i18n(硬编码)","lobby","literal.243","AI 難度","",""
"未i18n(硬编码)","lobby","literal.244","遊戲輪數","",""
"未i18n(硬编码)","lobby","literal.245","對手檔案","",""
"未i18n(硬编码)","lobby","literal.246","開始對戰","",""
"未i18n(硬编码)","rules","literal.247","← 返回教學","",""
"未i18n(硬编码)","rules","literal.248","🖨 列印 / 存 PDF","",""
"未i18n(硬编码)","rules","literal.249","人格麻將 · 遊戲規則","",""
"未i18n(硬编码)","rules","literal.250","用卡牌拼出你的人格 — Big Five 五大人格 × 麻將玩法","",""
"未i18n(硬编码)","rules","literal.251","掃碼進入遊戲","",""
"未i18n(硬编码)","rules","literal.252","一、遊戲目標","",""
"未i18n(硬编码)","rules","literal.253","每位玩家先完成 Big Five 人格測評，得到五個維度的分數：開放性 O、盡責性 C、外向性 E、宜人性 A、情緒穩定性 N。","",""
"未i18n(硬编码)","rules","literal.254","遊戲目標是集齊全部五個維度。每個維度需要的牌數 = 你在該維度的分數（例如外向性 4 分，就要湊 4 張外向牌）。最先湊齊全部五維者「食胡」獲勝。","",""
"未i18n(硬编码)","rules","literal.255","O 開放性","",""
"未i18n(硬编码)","rules","literal.256","C 盡責性","",""
"未i18n(硬编码)","rules","literal.257","E 外向性","",""
"未i18n(硬编码)","rules","literal.258","A 宜人性","",""
"未i18n(硬编码)","rules","literal.259","N 情緒穩定性","",""
"未i18n(硬编码)","rules","literal.260","二、開局","",""
"未i18n(硬编码)","rules","literal.261","每人依自己的人格分數發一手牌（分數越高，起手牌越多）。","",""
"未i18n(硬编码)","rules","literal.262","桌面中央為抽牌堆；打出的牌進入棄牌堆（抽牌堆摸完會把棄牌堆洗回，牌不會用盡）。","",""
"未i18n(硬编码)","rules","literal.263","牌庫含少量「知識牌」，見第六節。","",""
"未i18n(硬编码)","rules","literal.264","三、每回合流程","",""
"未i18n(硬编码)","rules","literal.265","① 從抽牌堆摸 1 張","",""
"未i18n(硬编码)","rules","literal.266","② 從手牌打出 1 張","",""
"未i18n(硬编码)","rules","literal.267","輪到下一位（順時針）","",""
"未i18n(硬编码)","rules","literal.268","四、碰（搶牌）","",""
"未i18n(硬编码)","rules","literal.269","當有人打出一張人格牌，若你手上有同維度的牌、加上這張剛好湊滿該維度所需張數，可宣告「碰」：","",""
"未i18n(硬编码)","rules","literal.270","把這組牌歸檔，並立刻搶到出牌權（不用摸牌，直接打一張）。","",""
"未i18n(硬编码)","rules","literal.271","自己回合也能用手牌湊齊宣告（自摸碰），每回合限一次。","",""
"未i18n(硬编码)","rules","literal.272","⚠ 張數必須剛好、且全為同維度。張數錯／維度錯／碰已歸檔的維度 → 失敗受罰。","",""
"未i18n(硬编码)","rules","literal.273","五、食胡與失敗懲罰","",""
"未i18n(硬编码)","rules","literal.274","食胡：當手牌能一次湊齊所有尚未歸檔的維度 → 宣告胡牌，立即獲勝。","",""
"未i18n(硬编码)","rules","literal.275","失敗懲罰（罰停）：碰或胡宣告失敗時——","",""
"未i18n(硬编码)","rules","literal.276","罰停：下次輪到你時罰停一回合（自動跳過、不抽不出），期間不能碰／胡／搶牌。","",""
"未i18n(硬编码)","rules","literal.277","亮牌：碰失敗只亮出你押錯的牌；胡失敗亮出整手牌。","",""
"未i18n(硬编码)","rules","literal.278","→ 想清楚再宣告，賭錯代價很大。","",""
"未i18n(硬编码)","rules","literal.279","六、知識牌","",""
"未i18n(硬编码)","rules","literal.280","牌庫中有少量知識牌（上面是心理學小知識）。它不屬於任何維度、不能用來湊牌。打出知識牌不會觸發別人搶牌（安全棄牌）。數量很少，偶爾摸到、打掉即可。","",""
"未i18n(硬编码)","rules","literal.281","七、勝負與計分","",""
"未i18n(硬编码)","rules","literal.282","有人食胡 → 該玩家直接獲勝。","",""
"未i18n(硬编码)","rules","literal.283","打滿約定輪數仍無人胡 → 按已歸檔維度數排名，多者勝；同數則比剩餘手牌少者勝。","",""
"未i18n(硬编码)","rules","literal.284","掃描頁首 QR code 即可開始 ·","",""
"未i18n(硬编码)","stats","literal.285","學號","",""
"未i18n(硬编码)","stats","literal.286","房間","",""
"未i18n(硬编码)","stats","literal.287","結束時間","",""
"未i18n(硬编码)","stats","literal.288","模式","",""
"未i18n(硬编码)","stats","literal.289","輪數","",""
"未i18n(硬编码)","stats","literal.290","申報組數","",""
"未i18n(硬编码)","stats","literal.291","剩餘手牌","",""
"未i18n(硬编码)","stats","literal.292","最終得分","",""
"未i18n(硬编码)","stats","literal.293","名次","",""
"未i18n(硬编码)","stats","literal.294","是否獲勝","",""
"未i18n(硬编码)","stats","literal.295","是否中斷局","",""
"未i18n(硬编码)","stats","literal.296","胡成功","",""
"未i18n(硬编码)","stats","literal.297","胡失敗","",""
"未i18n(硬编码)","stats","literal.298","碰成功","",""
"未i18n(硬编码)","stats","literal.299","碰失敗","",""
"未i18n(硬编码)","stats","literal.300","讀取數據失敗。請確認 Supabase 已執行 migrations 建好表。","",""
"未i18n(硬编码)","stats","literal.301","加載統計數據…","",""
"未i18n(硬编码)","stats","literal.302","← 返回首頁","",""
"未i18n(硬编码)","stats","literal.303","數據統計","",""
"未i18n(硬编码)","stats","literal.304","參與者出勤與對戰記錄的歸檔卷宗。","",""
"未i18n(硬编码)","stats","literal.305","名參與者","",""
"未i18n(硬编码)","stats","literal.306","場對局","",""
"未i18n(硬编码)","stats","literal.307","⬇ 導出 CSV（{行數} 行）","","含 {…} 变量占位，翻译时保留占位"
"未i18n(硬编码)","stats","literal.308","彙總統計","",""
"未i18n(硬编码)","stats","literal.309","對局明細","",""
"未i18n(硬编码)","stats","literal.310","暫無對局數據","",""
"未i18n(硬编码)","stats","literal.311","場次","",""
"未i18n(硬编码)","stats","literal.312","勝場","",""
"未i18n(硬编码)","stats","literal.313","均申報","",""
"未i18n(硬编码)","stats","literal.314","最佳名次","",""
"未i18n(硬编码)","stats","literal.315","暫無對局記錄","",""
"未i18n(硬编码)","stats","literal.316","· 房間 {room_code}","","含 {…} 变量占位，翻译时保留占位"
"未i18n(硬编码)","stats","literal.317","· 中斷局","",""
"未i18n(硬编码)","stats","literal.318","#{rank} · 申報{n}組 · 剩{n}張","","含 {…} 变量占位，翻译时保留占位"
"未i18n(硬编码)","results","literal.319","Final Persona Spread","Final Persona Spread",""
"未i18n(硬编码)","DrawPile.tsx","literal.320","剩餘 {count} 張","","含 {…} 变量占位，翻译时保留占位"
"未i18n(硬编码)","DrawPile.tsx","literal.321","DRAW","DRAW",""
"未i18n(硬编码)","FeedbackLayer.tsx","literal.322","Your Turn","Your Turn",""
"未i18n(硬编码)","Card.tsx","literal.323","Psyche","Psyche",""
"未i18n(硬编码)","Card.tsx","literal.324","檔案註記","",""
"未i18n(硬编码)","Card.tsx","literal.325","知識牌","",""
"未i18n(硬编码)","GameLog.tsx","literal.326","解除罰停","",""
"未i18n(硬编码)","GameLog.tsx","literal.327","摸了一張牌","",""
"未i18n(硬编码)","GameLog.tsx","literal.328","✅ 罰停解除","",""
"未i18n(硬编码)","GameLog.tsx","literal.329","棄掉了檔案註記","",""
"未i18n(硬编码)","GameLog.tsx","literal.330","棄掉了一張線索牌","",""
"未i18n(硬编码)","GameLog.tsx","literal.331","棄了一張牌","",""
"未i18n(硬编码)","GameLog.tsx","literal.332","食胡！遊戲結束","",""
"未i18n(硬编码)","GameLog.tsx","literal.333","食胡失敗！手牌公開","",""
"未i18n(硬编码)","GameLog.tsx","literal.334","碰牌成功","",""
"未i18n(硬编码)","GameLog.tsx","literal.335","該維度已歸檔（重複碰）","",""
"未i18n(硬编码)","GameLog.tsx","literal.336","牌不對 / 張數不夠","",""
"未i18n(硬编码)","GameLog.tsx","literal.337","碰牌失敗！手牌公開","",""
"未i18n(硬编码)","GameLog.tsx","literal.338","罰停一回合","",""
"未i18n(硬编码)","GameLog.tsx","literal.339","⛔ 因罰停 · 本回合被自動跳過","",""
"未i18n(硬编码)","GameLog.tsx","literal.340","查看完整行動記錄","",""
"未i18n(硬编码)","GameLog.tsx","literal.341","行動記錄","",""
"未i18n(硬编码)","GameLog.tsx","literal.342","查看全部","",""
"未i18n(硬编码)","GameLog.tsx","literal.343","暫無線索流動","",""
"未i18n(硬编码)","GameLog.tsx","literal.344","第{n}輪","","含 {…} 变量占位，翻译时保留占位"
"未i18n(硬编码)","GameLog.tsx","literal.345","行動記錄 · 共 {n} 條","","含 {…} 变量占位，翻译时保留占位"
"未i18n(硬编码)","GameLog.tsx","literal.346","關閉","",""
"未i18n(硬编码)","MockGameScene.tsx","literal.347","張 · 歸檔 2/5","",""
"未i18n(硬编码)","MockGameScene.tsx","literal.348","第 3 / 5 回合","",""
"未i18n(硬编码)","MockGameScene.tsx","literal.349","輪到你","",""
"未i18n(硬编码)","MockGameScene.tsx","literal.350","棄牌堆","",""
"未i18n(硬编码)","MockGameScene.tsx","literal.351","剛抽到","",""
"未i18n(硬编码)","MockGameScene.tsx","literal.352","你的手牌 · {n} 張","","含 {…} 变量占位，翻译时保留占位"
"未i18n(硬编码)","MockGameScene.tsx","literal.353","打出","",""
"未i18n(硬编码)","MockGameScene.tsx","literal.354","自摸碰","",""
"未i18n(硬编码)","MockGameScene.tsx","literal.355","胡牌","",""
"未i18n(硬编码)","PsyOverlayPanel.tsx","literal.356","關閉","",""
